var_name,date,value
gdp,1947Q1,12.552
c,1947Q1,11.583
investment,1947Q1,8.319
fixed_i,1947Q1,8.923
nonresidential,1947Q1,6.065
structures,1947Q1,28.558
equipment,1947Q1,4.427
intellectual,1947Q1,1.374
residential,1947Q1,27.629
gdp,1947Q2,12.519
c,1947Q2,11.776
investment,1947Q2,7.681
fixed_i,1947Q2,8.692
nonresidential,1947Q2,5.971
structures,1947Q2,28.407
equipment,1947Q2,4.332
intellectual,1947Q2,1.357
residential,1947Q2,26.248
gdp,1947Q3,12.493
c,1947Q3,11.814
investment,1947Q3,7.455
fixed_i,1947Q3,8.973
nonresidential,1947Q3,5.861
structures,1947Q3,28.6
equipment,1947Q3,4.186
intellectual,1947Q3,1.356
residential,1947Q3,30.261
gdp,1947Q4,12.688
c,1947Q4,11.818
investment,1947Q4,8.898
fixed_i,1947Q4,9.711
nonresidential,1947Q4,6.024
structures,1947Q4,28.189
equipment,1947Q4,4.429
intellectual,1947Q4,1.328
residential,1947Q4,36.094
gdp,1948Q1,12.879
c,1948Q1,11.877
investment,1948Q1,9.811
fixed_i,1948Q1,10.022
nonresidential,1948Q1,6.374
structures,1948Q1,28.774
equipment,1948Q1,4.804
intellectual,1948Q1,1.34
residential,1948Q1,35.623
gdp,1948Q2,13.092
c,1948Q2,12.015
investment,1948Q2,10.418
fixed_i,1948Q2,10.007
nonresidential,1948Q2,6.161
structures,1948Q2,29.575
equipment,1948Q2,4.484
intellectual,1948Q2,1.319
residential,1948Q2,37.686
gdp,1948Q3,13.167
c,1948Q3,12.033
investment,1948Q3,10.525
fixed_i,1948Q3,9.905
nonresidential,1948Q3,6.176
structures,1948Q3,30.459
equipment,1948Q3,4.427
intellectual,1948Q3,1.32
residential,1948Q3,36.489
gdp,1948Q4,13.181
c,1948Q4,12.129
investment,1948Q4,10.022
fixed_i,1948Q4,9.792
nonresidential,1948Q4,6.32
structures,1948Q4,30.895
equipment,1948Q4,4.569
intellectual,1948Q4,1.31
residential,1948Q4,33.815
gdp,1949Q1,13
c,1949Q1,12.149
investment,1949Q1,8.525
fixed_i,1949Q1,9.25
nonresidential,1949Q1,6.03
structures,1949Q1,30.314
equipment,1949Q1,4.278
intellectual,1949Q1,1.281
residential,1949Q1,31.322
gdp,1949Q2,12.955
c,1949Q2,12.335
investment,1949Q2,7.392
fixed_i,1949Q2,8.97
nonresidential,1949Q2,5.806
structures,1949Q2,29.604
equipment,1949Q2,4.068
intellectual,1949Q2,1.277
residential,1949Q2,30.798
gdp,1949Q3,13.089
c,1949Q3,12.363
investment,1949Q3,8.005
fixed_i,1949Q3,8.954
nonresidential,1949Q3,5.54
structures,1949Q3,28.295
equipment,1949Q3,3.852
intellectual,1949Q3,1.287
residential,1949Q3,33.431
gdp,1949Q4,12.979
c,1949Q4,12.544
investment,1949Q4,7.611
fixed_i,1949Q4,9.279
nonresidential,1949Q4,5.472
structures,1949Q4,27.518
equipment,1949Q4,3.81
intellectual,1949Q4,1.343
residential,1949Q4,37.506
gdp,1950Q1,13.489
c,1950Q1,12.753
investment,1950Q1,9.418
fixed_i,1950Q1,9.85
nonresidential,1950Q1,5.63
structures,1950Q1,28.83
equipment,1950Q1,3.876
intellectual,1950Q1,1.389
residential,1950Q1,41.692
gdp,1950Q2,13.901
c,1950Q2,12.963
investment,1950Q2,10.426
fixed_i,1950Q2,10.722
nonresidential,1950Q2,6.1
structures,1950Q2,30.284
equipment,1950Q2,4.313
intellectual,1950Q2,1.411
residential,1950Q2,45.688
gdp,1950Q3,14.438
c,1950Q3,13.629
investment,1950Q3,11.322
fixed_i,1950Q3,11.485
nonresidential,1950Q3,6.605
structures,1950Q3,32.037
equipment,1950Q3,4.775
intellectual,1950Q3,1.417
residential,1950Q3,48.183
gdp,1950Q4,14.714
c,1950Q4,13.218
investment,1950Q4,12.76
fixed_i,1950Q4,11.255
nonresidential,1950Q4,6.595
structures,1950Q4,32.858
equipment,1950Q4,4.702
intellectual,1950Q4,1.403
residential,1950Q4,45.938
gdp,1951Q1,14.914
c,1951Q1,13.537
investment,1951Q1,11.457
fixed_i,1951Q1,10.847
nonresidential,1951Q1,6.423
structures,1951Q1,32.965
equipment,1951Q1,4.502
intellectual,1951Q1,1.364
residential,1951Q1,43.56
gdp,1951Q2,15.173
c,1951Q2,13.155
investment,1951Q2,11.722
fixed_i,1951Q2,10.364
nonresidential,1951Q2,6.5
structures,1951Q2,34.084
equipment,1951Q2,4.51
intellectual,1951Q2,1.351
residential,1951Q2,37.741
gdp,1951Q3,15.485
c,1951Q3,13.308
investment,1951Q3,10.859
fixed_i,1951Q3,10.212
nonresidential,1951Q3,6.576
structures,1951Q3,33.877
equipment,1951Q3,4.608
intellectual,1951Q3,1.376
residential,1951Q3,35.359
gdp,1951Q4,15.519
c,1951Q4,13.386
investment,1951Q4,9.994
fixed_i,1951Q4,10.133
nonresidential,1951Q4,6.468
structures,1951Q4,32.575
equipment,1951Q4,4.563
intellectual,1951Q4,1.433
residential,1951Q4,35.699
gdp,1952Q1,15.685
c,1952Q1,13.417
investment,1952Q1,10.255
fixed_i,1952Q1,10.289
nonresidential,1952Q1,6.531
structures,1952Q1,32.614
equipment,1952Q1,4.588
intellectual,1952Q1,1.555
residential,1952Q1,36.634
gdp,1952Q2,15.719
c,1952Q2,13.679
investment,1952Q2,9.481
fixed_i,1952Q2,10.462
nonresidential,1952Q2,6.635
structures,1952Q2,32.849
equipment,1952Q2,4.651
intellectual,1952Q2,1.663
residential,1952Q2,37.314
gdp,1952Q3,15.833
c,1952Q3,13.745
investment,1952Q3,9.99
fixed_i,1952Q3,9.893
nonresidential,1952Q3,6.118
structures,1952Q3,33.123
equipment,1952Q3,3.962
intellectual,1952Q3,1.773
residential,1952Q3,36.952
gdp,1952Q4,16.353
c,1952Q4,14.23
investment,1952Q4,10.709
fixed_i,1952Q4,10.646
nonresidential,1952Q4,6.66
structures,1952Q4,34.392
equipment,1952Q4,4.46
intellectual,1952Q4,1.905
residential,1952Q4,38.948
gdp,1953Q1,16.657
c,1953Q1,14.397
investment,1953Q1,10.94
fixed_i,1953Q1,11.079
nonresidential,1953Q1,7.021
structures,1953Q1,35.427
equipment,1953Q1,4.777
intellectual,1953Q1,1.989
residential,1953Q1,39.576
gdp,1953Q2,16.785
c,1953Q2,14.484
investment,1953Q2,11.002
fixed_i,1953Q2,11.164
nonresidential,1953Q2,7.091
structures,1953Q2,36.107
equipment,1953Q2,4.77
intellectual,1953Q2,2.08
residential,1953Q2,39.707
gdp,1953Q3,16.691
c,1953Q3,14.449
investment,1953Q3,10.772
fixed_i,1953Q3,11.184
nonresidential,1953Q3,7.249
structures,1953Q3,36.308
equipment,1953Q3,4.93
intellectual,1953Q3,2.12
residential,1953Q3,38.221
gdp,1953Q4,16.438
c,1953Q4,14.352
investment,1953Q4,9.994
fixed_i,1953Q4,11.087
nonresidential,1953Q4,7.183
structures,1953Q4,36.949
equipment,1953Q4,4.788
intellectual,1953Q4,2.144
residential,1953Q4,37.91
gdp,1954Q1,16.36
c,1954Q1,14.405
investment,1954Q1,9.922
fixed_i,1954Q1,10.931
nonresidential,1954Q1,6.994
structures,1954Q1,37.325
equipment,1954Q1,4.52
intellectual,1954Q1,2.165
residential,1954Q1,38.325
gdp,1954Q2,16.377
c,1954Q2,14.592
investment,1954Q2,9.898
fixed_i,1954Q2,11.106
nonresidential,1954Q2,6.931
structures,1954Q2,37.584
equipment,1954Q2,4.42
intellectual,1954Q2,2.178
residential,1954Q2,40.824
gdp,1954Q3,16.562
c,1954Q3,14.79
investment,1954Q3,10.376
fixed_i,1954Q3,11.528
nonresidential,1954Q3,7.108
structures,1954Q3,37.502
equipment,1954Q3,4.63
intellectual,1954Q3,2.198
residential,1954Q3,43.31
gdp,1954Q4,16.886
c,1954Q4,15.1
investment,1954Q4,10.831
fixed_i,1954Q4,11.78
nonresidential,1954Q4,7.099
structures,1954Q4,37.343
equipment,1954Q4,4.619
intellectual,1954Q4,2.232
residential,1954Q4,46.02
gdp,1955Q1,17.369
c,1955Q1,15.439
investment,1955Q1,11.913
fixed_i,1955Q1,12.232
nonresidential,1955Q1,7.22
structures,1955Q1,38.5
equipment,1955Q1,4.661
intellectual,1955Q1,2.254
residential,1955Q1,49.404
gdp,1955Q2,17.651
c,1955Q2,15.735
investment,1955Q2,12.638
fixed_i,1955Q2,12.745
nonresidential,1955Q2,7.65
structures,1955Q2,39.455
equipment,1955Q2,5.074
intellectual,1955Q2,2.325
residential,1955Q2,50.114
gdp,1955Q3,17.89
c,1955Q3,15.929
investment,1955Q3,12.832
fixed_i,1955Q3,13.034
nonresidential,1955Q3,8.03
structures,1955Q3,40.764
equipment,1955Q3,5.391
intellectual,1955Q3,2.408
residential,1955Q3,49.047
gdp,1955Q4,17.997
c,1955Q4,16.129
investment,1955Q4,13.129
fixed_i,1955Q4,13.087
nonresidential,1955Q4,8.27
structures,1955Q4,41.772
equipment,1955Q4,5.549
intellectual,1955Q4,2.531
residential,1955Q4,46.989
gdp,1956Q1,17.927
c,1956Q1,16.155
investment,1956Q1,12.754
fixed_i,1956Q1,12.868
nonresidential,1956Q1,8.168
structures,1956Q1,43.069
equipment,1956Q1,5.273
intellectual,1956Q1,2.649
residential,1956Q1,45.788
gdp,1956Q2,18.075
c,1956Q2,16.209
investment,1956Q2,12.654
fixed_i,1956Q2,13
nonresidential,1956Q2,8.315
structures,1956Q2,44.603
equipment,1956Q2,5.285
intellectual,1956Q2,2.751
residential,1956Q2,45.551
gdp,1956Q3,18.059
c,1956Q3,16.246
investment,1956Q3,12.541
fixed_i,1956Q3,13.007
nonresidential,1956Q3,8.398
structures,1956Q3,44.886
equipment,1956Q3,5.338
intellectual,1956Q3,2.815
residential,1956Q3,44.69
gdp,1956Q4,18.356
c,1956Q4,16.47
investment,1956Q4,12.424
fixed_i,1956Q4,12.946
nonresidential,1956Q4,8.399
structures,1956Q4,44.779
equipment,1956Q4,5.325
intellectual,1956Q4,2.878
residential,1956Q4,44.024
gdp,1957Q1,18.474
c,1957Q1,16.584
investment,1957Q1,12.232
fixed_i,1957Q1,12.938
nonresidential,1957Q1,8.443
structures,1957Q1,44.393
equipment,1957Q1,5.42
intellectual,1957Q1,2.849
residential,1957Q1,43.42
gdp,1957Q2,18.433
c,1957Q2,16.613
investment,1957Q2,12.219
fixed_i,1957Q2,12.826
nonresidential,1957Q2,8.426
structures,1957Q2,44.362
equipment,1957Q2,5.4
intellectual,1957Q2,2.854
residential,1957Q2,42.392
gdp,1957Q3,18.614
c,1957Q3,16.744
investment,1957Q3,12.499
fixed_i,1957Q3,12.957
nonresidential,1957Q3,8.597
structures,1957Q3,44.369
equipment,1957Q3,5.591
intellectual,1957Q3,2.889
residential,1957Q3,41.833
gdp,1957Q4,18.421
c,1957Q4,16.751
investment,1957Q4,11.538
fixed_i,1957Q4,12.741
nonresidential,1957Q4,8.398
structures,1957Q4,44.117
equipment,1957Q4,5.369
intellectual,1957Q4,2.903
residential,1957Q4,41.779
gdp,1958Q1,17.943
c,1958Q1,16.52
investment,1958Q1,10.76
fixed_i,1958Q1,12.023
nonresidential,1958Q1,7.865
structures,1958Q1,43.29
equipment,1958Q1,4.799
intellectual,1958Q1,2.911
residential,1958Q1,40.136
gdp,1958Q2,18.061
c,1958Q2,16.656
investment,1958Q2,10.543
fixed_i,1958Q2,11.727
nonresidential,1958Q2,7.574
structures,1958Q2,41.855
equipment,1958Q2,4.553
intellectual,1958Q2,2.953
residential,1958Q2,40.28
gdp,1958Q3,18.479
c,1958Q3,16.933
investment,1958Q3,11.352
fixed_i,1958Q3,11.903
nonresidential,1958Q3,7.495
structures,1958Q3,40.899
equipment,1958Q3,4.506
intellectual,1958Q3,3.028
residential,1958Q3,43.183
gdp,1958Q4,18.911
c,1958Q4,17.163
investment,1958Q4,12.32
fixed_i,1958Q4,12.608
nonresidential,1958Q4,7.776
structures,1958Q4,41.531
equipment,1958Q4,4.75
intellectual,1958Q4,3.134
residential,1958Q4,47.678
gdp,1959Q1,19.275
c,1959Q1,17.477
investment,1959Q1,12.991
fixed_i,1959Q1,13.351
nonresidential,1959Q1,8.019
structures,1959Q1,41.385
equipment,1959Q1,5.011
intellectual,1959Q1,3.229
residential,1959Q1,53.06
gdp,1959Q2,19.71
c,1959Q2,17.747
investment,1959Q2,14.002
fixed_i,1959Q2,13.764
nonresidential,1959Q2,8.249
structures,1959Q2,42.666
equipment,1959Q2,5.162
intellectual,1959Q2,3.286
residential,1959Q2,54.912
gdp,1959Q3,19.724
c,1959Q3,17.932
investment,1959Q3,13.098
fixed_i,1959Q3,13.91
nonresidential,1959Q3,8.471
structures,1959Q3,43.935
equipment,1959Q3,5.33
intellectual,1959Q3,3.27
residential,1959Q3,53.885
gdp,1959Q4,19.78
c,1959Q4,17.953
investment,1959Q4,13.524
fixed_i,1959Q4,13.748
nonresidential,1959Q4,8.448
structures,1959Q4,43.601
equipment,1959Q4,5.319
intellectual,1959Q4,3.295
residential,1959Q4,52.359
gdp,1960Q1,20.224
c,1960Q1,18.124
investment,1960Q1,14.884
fixed_i,1960Q1,14.207
nonresidential,1960Q1,8.741
structures,1960Q1,45.42
equipment,1960Q1,5.504
intellectual,1960Q1,3.347
residential,1960Q1,53.967
gdp,1960Q2,20.115
c,1960Q2,18.353
investment,1960Q2,13.496
fixed_i,1960Q2,13.949
nonresidential,1960Q2,8.869
structures,1960Q2,45.959
equipment,1960Q2,5.596
intellectual,1960Q2,3.39
residential,1960Q2,49.548
gdp,1960Q3,20.214
c,1960Q3,18.28
investment,1960Q3,13.462
fixed_i,1960Q3,13.649
nonresidential,1960Q3,8.714
structures,1960Q3,46.046
equipment,1960Q3,5.354
intellectual,1960Q3,3.531
residential,1960Q3,48.068
gdp,1960Q4,19.954
c,1960Q4,18.303
investment,1960Q4,11.971
fixed_i,1960Q4,13.623
nonresidential,1960Q4,8.693
structures,1960Q4,47.799
equipment,1960Q4,5.166
intellectual,1960Q4,3.61
residential,1960Q4,48.018
gdp,1961Q1,20.089
c,1961Q1,18.297
investment,1961Q1,12.281
fixed_i,1961Q1,13.507
nonresidential,1961Q1,8.57
structures,1961Q1,47.582
equipment,1961Q1,4.998
intellectual,1961Q1,3.715
residential,1961Q1,48.213
gdp,1961Q2,20.43
c,1961Q2,18.569
investment,1961Q2,13.142
fixed_i,1961Q2,13.729
nonresidential,1961Q2,8.76
structures,1961Q2,46.789
equipment,1961Q2,5.237
intellectual,1961Q2,3.834
residential,1961Q2,48.405
gdp,1961Q3,20.822
c,1961Q3,18.659
investment,1961Q3,14.164
fixed_i,1961Q3,14.058
nonresidential,1961Q3,8.846
structures,1961Q3,46.816
equipment,1961Q3,5.308
intellectual,1961Q3,3.906
residential,1961Q3,51.045
gdp,1961Q4,21.231
c,1961Q4,19.034
investment,1961Q4,14.398
fixed_i,1961Q4,14.502
nonresidential,1961Q4,9.115
structures,1961Q4,46.57
equipment,1961Q4,5.627
intellectual,1961Q4,3.95
residential,1961Q4,52.783
gdp,1962Q1,21.609
c,1962Q1,19.236
investment,1962Q1,15.174
fixed_i,1962Q1,14.78
nonresidential,1962Q1,9.298
structures,1962Q1,47.444
equipment,1962Q1,5.773
intellectual,1962Q1,3.956
residential,1962Q1,53.702
gdp,1962Q2,21.805
c,1962Q2,19.473
investment,1962Q2,15.055
fixed_i,1962Q2,15.199
nonresidential,1962Q2,9.55
structures,1962Q2,49.173
equipment,1962Q2,5.919
intellectual,1962Q2,3.999
residential,1962Q2,55.366
gdp,1962Q3,22.072
c,1962Q3,19.629
investment,1962Q3,15.31
fixed_i,1962Q3,15.322
nonresidential,1962Q3,9.668
structures,1962Q3,50.469
equipment,1962Q3,5.94
intellectual,1962Q3,4.045
residential,1962Q3,55.322
gdp,1962Q4,22.145
c,1962Q4,19.907
investment,1962Q4,14.862
fixed_i,1962Q4,15.275
nonresidential,1962Q4,9.632
structures,1962Q4,49.247
equipment,1962Q4,5.958
intellectual,1962Q4,4.136
residential,1962Q4,55.235
gdp,1963Q1,22.387
c,1963Q1,20.047
investment,1963Q1,15.644
fixed_i,1963Q1,15.475
nonresidential,1963Q1,9.655
structures,1963Q1,47.534
equipment,1963Q1,6.068
intellectual,1963Q1,4.271
residential,1963Q1,57.185
gdp,1963Q2,22.638
c,1963Q2,20.236
investment,1963Q2,15.893
fixed_i,1963Q2,16.164
nonresidential,1963Q2,9.955
structures,1963Q2,49.787
equipment,1963Q2,6.19
intellectual,1963Q2,4.418
residential,1963Q2,61.285
gdp,1963Q3,23.136
c,1963Q3,20.51
investment,1963Q3,16.383
fixed_i,1963Q3,16.562
nonresidential,1963Q3,10.228
structures,1963Q3,50.132
equipment,1963Q3,6.456
intellectual,1963Q3,4.497
residential,1963Q3,62.457
gdp,1963Q4,23.287
c,1963Q4,20.681
investment,1963Q4,16.582
fixed_i,1963Q4,17.058
nonresidential,1963Q4,10.527
structures,1963Q4,51.156
equipment,1963Q4,6.709
intellectual,1963Q4,4.551
residential,1963Q4,64.418
gdp,1964Q1,23.778
c,1964Q1,21.087
investment,1964Q1,17.202
fixed_i,1964Q1,17.648
nonresidential,1964Q1,10.747
structures,1964Q1,52.481
equipment,1964Q1,6.874
intellectual,1964Q1,4.533
residential,1964Q1,68.376
gdp,1964Q2,24.037
c,1964Q2,21.46
investment,1964Q2,17.14
fixed_i,1964Q2,17.615
nonresidential,1964Q2,10.999
structures,1964Q2,54.258
equipment,1964Q2,7.015
intellectual,1964Q2,4.578
residential,1964Q2,64.974
gdp,1964Q3,24.413
c,1964Q3,21.857
investment,1964Q3,17.54
fixed_i,1964Q3,17.902
nonresidential,1964Q3,11.353
structures,1964Q3,56.038
equipment,1964Q3,7.264
intellectual,1964Q3,4.662
residential,1964Q3,63.934
gdp,1964Q4,24.488
c,1964Q4,21.919
investment,1964Q4,17.707
fixed_i,1964Q4,18.058
nonresidential,1964Q4,11.595
structures,1964Q4,56.483
equipment,1964Q4,7.479
intellectual,1964Q4,4.762
residential,1964Q4,62.799
gdp,1965Q1,25.081
c,1965Q1,22.408
investment,1965Q1,19.395
fixed_i,1965Q1,18.874
nonresidential,1965Q1,12.333
structures,1965Q1,59.38
equipment,1965Q1,8.049
intellectual,1965Q1,4.971
residential,1965Q1,63.108
gdp,1965Q2,25.397
c,1965Q2,22.655
investment,1965Q2,19.446
fixed_i,1965Q2,19.409
nonresidential,1965Q2,12.787
structures,1965Q2,63.519
equipment,1965Q2,8.193
intellectual,1965Q2,5.134
residential,1965Q2,63.659
gdp,1965Q3,25.962
c,1965Q3,23.044
investment,1965Q3,20.123
fixed_i,1965Q3,19.933
nonresidential,1965Q3,13.252
structures,1965Q3,64.187
equipment,1965Q3,8.631
intellectual,1965Q3,5.304
residential,1965Q3,63.96
gdp,1965Q4,26.56
c,1965Q4,23.692
investment,1965Q4,20.256
fixed_i,1965Q4,20.395
nonresidential,1965Q4,13.79
structures,1965Q4,67.141
equipment,1965Q4,8.967
intellectual,1965Q4,5.486
residential,1965Q4,62.707
gdp,1966Q1,27.207
c,1966Q1,24.042
investment,1966Q1,21.875
fixed_i,1966Q1,21.155
nonresidential,1966Q1,14.368
structures,1966Q1,68.734
equipment,1966Q1,9.46
intellectual,1966Q1,5.674
residential,1966Q1,64.279
gdp,1966Q2,27.3
c,1966Q2,24.103
investment,1966Q2,21.551
fixed_i,1966Q2,20.948
nonresidential,1966Q2,14.604
structures,1966Q2,67.409
equipment,1966Q2,9.793
intellectual,1966Q2,5.841
residential,1966Q2,59.279
gdp,1966Q3,27.531
c,1966Q3,24.379
investment,1966Q3,21.392
fixed_i,1966Q3,20.971
nonresidential,1966Q3,14.797
structures,1966Q3,68.91
equipment,1966Q3,9.837
intellectual,1966Q3,6
residential,1966Q3,57.31
gdp,1966Q4,27.757
c,1966Q4,24.48
investment,1966Q4,21.517
fixed_i,1966Q4,20.415
nonresidential,1966Q4,14.797
structures,1966Q4,66.567
equipment,1966Q4,9.978
intellectual,1966Q4,6.15
residential,1966Q4,51.298
gdp,1967Q1,28.003
c,1967Q1,24.621
investment,1967Q1,20.989
fixed_i,1967Q1,20.029
nonresidential,1967Q1,14.557
structures,1967Q1,67.259
equipment,1967Q1,9.582
intellectual,1967Q1,6.259
residential,1967Q1,49.886
gdp,1967Q2,28.02
c,1967Q2,24.958
investment,1967Q2,20.23
fixed_i,1967Q2,20.524
nonresidential,1967Q2,14.522
structures,1967Q2,65.347
equipment,1967Q2,9.685
intellectual,1967Q2,6.303
residential,1967Q2,55.637
gdp,1967Q3,28.285
c,1967Q3,25.086
investment,1967Q3,20.823
fixed_i,1967Q3,20.77
nonresidential,1967Q3,14.497
structures,1967Q3,66.038
equipment,1967Q3,9.553
intellectual,1967Q3,6.411
residential,1967Q3,58.596
gdp,1967Q4,28.498
c,1967Q4,25.239
investment,1967Q4,21.272
fixed_i,1967Q4,21.394
nonresidential,1967Q4,14.789
structures,1967Q4,66.144
equipment,1967Q4,9.857
intellectual,1967Q4,6.523
residential,1967Q4,61.99
gdp,1968Q1,29.079
c,1968Q1,25.844
investment,1968Q1,21.699
fixed_i,1968Q1,21.872
nonresidential,1968Q1,15.224
structures,1968Q1,67.434
equipment,1968Q1,10.232
intellectual,1968Q1,6.644
residential,1968Q1,62.173
gdp,1968Q2,29.565
c,1968Q2,26.238
investment,1968Q2,22.529
fixed_i,1968Q2,21.818
nonresidential,1968Q2,15.038
structures,1968Q2,66.859
equipment,1968Q2,9.985
intellectual,1968Q2,6.813
residential,1968Q2,63.69
gdp,1968Q3,29.794
c,1968Q3,26.729
investment,1968Q3,21.914
fixed_i,1968Q3,22.157
nonresidential,1968Q3,15.244
structures,1968Q3,66.424
equipment,1968Q3,10.232
intellectual,1968Q3,6.929
residential,1968Q3,64.978
gdp,1968Q4,29.912
c,1968Q4,26.85
investment,1968Q4,22.153
fixed_i,1968Q4,22.68
nonresidential,1968Q4,15.66
structures,1968Q4,67.781
equipment,1968Q4,10.587
intellectual,1968Q4,7.027
residential,1968Q4,65.878
gdp,1969Q1,30.38
c,1969Q1,27.148
investment,1969Q1,23.457
fixed_i,1969Q1,23.311
nonresidential,1969Q1,16.06
structures,1969Q1,68.828
equipment,1969Q1,10.973
intellectual,1969Q1,7.076
residential,1969Q1,68.09
gdp,1969Q2,30.472
c,1969Q2,27.323
investment,1969Q2,23.319
fixed_i,1969Q2,23.434
nonresidential,1969Q2,16.235
structures,1969Q2,69.376
equipment,1969Q2,11.087
intellectual,1969Q2,7.214
residential,1969Q2,67.452
gdp,1969Q3,30.673
c,1969Q3,27.456
investment,1969Q3,23.792
fixed_i,1969Q3,23.77
nonresidential,1969Q3,16.605
structures,1969Q3,72.646
equipment,1969Q3,11.231
intellectual,1969Q3,7.266
residential,1969Q3,66.917
gdp,1969Q4,30.524
c,1969Q4,27.675
investment,1969Q4,22.644
fixed_i,1969Q4,23.241
nonresidential,1969Q4,16.518
structures,1969Q4,72.138
equipment,1969Q4,11.137
intellectual,1969Q4,7.344
residential,1969Q4,62.317
gdp,1970Q1,30.478
c,1970Q1,27.847
investment,1970Q1,21.968
fixed_i,1970Q1,23.124
nonresidential,1970Q1,16.401
structures,1970Q1,71.57
equipment,1970Q1,11.058
intellectual,1970Q1,7.308
residential,1970Q1,62.353
gdp,1970Q2,30.522
c,1970Q2,27.973
investment,1970Q2,22.016
fixed_i,1970Q2,22.649
nonresidential,1970Q2,16.294
structures,1970Q2,70.838
equipment,1970Q2,11.011
intellectual,1970Q2,7.258
residential,1970Q2,58.537
gdp,1970Q3,30.803
c,1970Q3,28.218
investment,1970Q3,22.374
fixed_i,1970Q3,23.032
nonresidential,1970Q3,16.351
structures,1970Q3,71.097
equipment,1970Q3,11.078
intellectual,1970Q3,7.209
residential,1970Q3,61.913
gdp,1970Q4,30.473
c,1970Q4,28.142
investment,1970Q4,21.186
fixed_i,1970Q4,23.027
nonresidential,1970Q4,15.79
structures,1970Q4,70.264
equipment,1970Q4,10.494
intellectual,1970Q4,7.091
residential,1970Q4,68.152
gdp,1971Q1,31.301
c,1971Q1,28.682
investment,1971Q1,23.656
fixed_i,1971Q1,23.5
nonresidential,1971Q1,15.92
structures,1971Q1,70.089
equipment,1971Q1,10.671
intellectual,1971Q1,7.098
residential,1971Q1,71.69
gdp,1971Q2,31.47
c,1971Q2,28.946
investment,1971Q2,24.328
fixed_i,1971Q2,24.382
nonresidential,1971Q2,16.137
structures,1971Q2,69.909
equipment,1971Q2,10.931
intellectual,1971Q2,7.178
residential,1971Q2,78.568
gdp,1971Q3,31.729
c,1971Q3,29.176
investment,1971Q3,24.623
fixed_i,1971Q3,24.803
nonresidential,1971Q3,16.208
structures,1971Q3,69.658
equipment,1971Q3,11.007
intellectual,1971Q3,7.272
residential,1971Q3,82.18
gdp,1971Q4,31.804
c,1971Q4,29.661
investment,1971Q4,23.96
fixed_i,1971Q4,25.454
nonresidential,1971Q4,16.54
structures,1971Q4,69.475
equipment,1971Q4,11.386
intellectual,1971Q4,7.432
residential,1971Q4,85.345
gdp,1972Q1,32.389
c,1972Q1,30.052
investment,1972Q1,25.539
fixed_i,1972Q1,26.538
nonresidential,1972Q1,17.067
structures,1972Q1,71.29
equipment,1972Q1,11.818
intellectual,1972Q1,7.597
residential,1972Q1,90.914
gdp,1972Q2,33.124
c,1972Q2,30.624
investment,1972Q2,26.989
fixed_i,1972Q2,26.994
nonresidential,1972Q2,17.345
structures,1972Q2,71.688
equipment,1972Q2,12.087
intellectual,1972Q2,7.725
residential,1972Q2,92.637
gdp,1972Q3,33.436
c,1972Q3,31.096
investment,1972Q3,27.372
fixed_i,1972Q3,27.3
nonresidential,1972Q3,17.599
structures,1972Q3,71.846
equipment,1972Q3,12.376
intellectual,1972Q3,7.789
residential,1972Q3,93.046
gdp,1972Q4,33.996
c,1972Q4,31.826
investment,1972Q4,27.544
fixed_i,1972Q4,28.496
nonresidential,1972Q4,18.442
structures,1972Q4,72.99
equipment,1972Q4,13.323
intellectual,1972Q4,7.891
residential,1972Q4,96.334
gdp,1973Q1,34.838
c,1973Q1,32.407
investment,1973Q1,29.158
fixed_i,1973Q1,29.614
nonresidential,1973Q1,19.216
structures,1973Q1,75.375
equipment,1973Q1,14.058
intellectual,1973Q1,7.982
residential,1973Q1,99.551
gdp,1973Q2,35.217
c,1973Q2,32.392
investment,1973Q2,30.401
fixed_i,1973Q2,29.84
nonresidential,1973Q2,19.93
structures,1973Q2,77.73
equipment,1973Q2,14.707
intellectual,1973Q2,8.098
residential,1973Q2,94.392
gdp,1973Q3,35.032
c,1973Q3,32.506
investment,1973Q3,29.299
fixed_i,1973Q3,29.752
nonresidential,1973Q3,20.237
structures,1973Q3,79.488
equipment,1973Q3,14.888
intellectual,1973Q3,8.188
residential,1973Q3,90.344
gdp,1973Q4,35.364
c,1973Q4,32.409
investment,1973Q4,30.342
fixed_i,1973Q4,29.496
nonresidential,1973Q4,20.389
structures,1973Q4,78.759
equipment,1973Q4,15.128
intellectual,1973Q4,8.293
residential,1973Q4,86.248
gdp,1974Q1,35.06
c,1974Q1,32.119
investment,1974Q1,28.61
fixed_i,1974Q1,28.908
nonresidential,1974Q1,20.368
structures,1974Q1,78.317
equipment,1974Q1,15.14
intellectual,1974Q1,8.31
residential,1974Q1,80.64
gdp,1974Q2,35.144
c,1974Q2,32.235
investment,1974Q2,28.496
fixed_i,1974Q2,28.546
nonresidential,1974Q2,20.333
structures,1974Q2,77.998
equipment,1974Q2,15.112
intellectual,1974Q2,8.344
residential,1974Q2,77.385
gdp,1974Q3,34.811
c,1974Q3,32.373
investment,1974Q3,27.019
fixed_i,1974Q3,28.077
nonresidential,1974Q3,20.126
structures,1974Q3,74.618
equipment,1974Q3,15.185
intellectual,1974Q3,8.426
residential,1974Q3,74.793
gdp,1974Q4,34.676
c,1974Q4,31.9
investment,1974Q4,27.183
fixed_i,1974Q4,26.568
nonresidential,1974Q4,19.597
structures,1974Q4,73.718
equipment,1974Q4,14.567
intellectual,1974Q4,8.424
residential,1974Q4,65.055
gdp,1975Q1,34.254
c,1975Q1,32.168
investment,1975Q1,22.804
fixed_i,1975Q1,25.061
nonresidential,1975Q1,18.479
structures,1975Q1,69.931
equipment,1975Q1,13.508
intellectual,1975Q1,8.373
residential,1975Q1,61.384
gdp,1975Q2,34.499
c,1975Q2,32.697
investment,1975Q2,22.125
fixed_i,1975Q2,24.775
nonresidential,1975Q2,18.035
structures,1975Q2,67.303
equipment,1975Q2,13.228
intellectual,1975Q2,8.325
residential,1975Q2,63.114
gdp,1975Q3,35.089
c,1975Q3,33.162
investment,1975Q3,23.84
fixed_i,1975Q3,25.381
nonresidential,1975Q3,18.227
structures,1975Q3,67.687
equipment,1975Q3,13.392
intellectual,1975Q3,8.446
residential,1975Q3,67.273
gdp,1975Q4,35.562
c,1975Q4,33.518
investment,1975Q4,24.506
fixed_i,1975Q4,25.888
nonresidential,1975Q4,18.445
structures,1975Q4,67.736
equipment,1975Q4,13.591
intellectual,1975Q4,8.659
residential,1975Q4,70.155
gdp,1976Q1,36.362
c,1976Q1,34.188
investment,1976Q1,26.87
fixed_i,1976Q1,26.945
nonresidential,1976Q1,18.84
structures,1976Q1,69.566
equipment,1976Q1,13.768
intellectual,1976Q1,9.023
residential,1976Q1,76.807
gdp,1976Q2,36.628
c,1976Q2,34.503
investment,1976Q2,27.934
fixed_i,1976Q2,27.389
nonresidential,1976Q2,19.09
structures,1976Q2,69.357
equipment,1976Q2,14.027
intellectual,1976Q2,9.264
residential,1976Q2,78.701
gdp,1976Q3,36.829
c,1976Q3,34.866
investment,1976Q3,28.031
fixed_i,1976Q3,27.698
nonresidential,1976Q3,19.507
structures,1976Q3,70.061
equipment,1976Q3,14.41
intellectual,1976Q3,9.501
residential,1976Q3,77.472
gdp,1976Q4,37.096
c,1976Q4,35.319
investment,1976Q4,28.241
fixed_i,1976Q4,29.013
nonresidential,1976Q4,19.884
structures,1976Q4,70.28
equipment,1976Q4,14.816
intellectual,1976Q4,9.681
residential,1976Q4,86.848
gdp,1977Q1,37.535
c,1977Q1,35.735
investment,1977Q1,29.549
fixed_i,1977Q1,30.014
nonresidential,1977Q1,20.609
structures,1977Q1,70.039
equipment,1977Q1,15.768
intellectual,1977Q1,9.789
residential,1977Q1,89.432
gdp,1977Q2,38.264
c,1977Q2,35.929
investment,1977Q2,31.668
fixed_i,1977Q2,31.577
nonresidential,1977Q2,21.178
structures,1977Q2,72.658
equipment,1977Q2,16.171
intellectual,1977Q2,9.951
residential,1977Q2,99.245
gdp,1977Q3,38.955
c,1977Q3,36.268
investment,1977Q3,33.27
fixed_i,1977Q3,31.98
nonresidential,1977Q3,21.601
structures,1977Q3,73.757
equipment,1977Q3,16.573
intellectual,1977Q3,10.053
residential,1977Q3,98.949
gdp,1977Q4,38.956
c,1977Q4,36.814
investment,1977Q4,32.436
fixed_i,1977Q4,32.53
nonresidential,1977Q4,22.258
structures,1977Q4,74.289
equipment,1977Q4,17.359
intellectual,1977Q4,10.146
residential,1977Q4,97.777
gdp,1978Q1,39.08
c,1978Q1,37.02
investment,1978Q1,33.068
fixed_i,1978Q1,32.823
nonresidential,1978Q1,22.453
structures,1978Q1,74.146
equipment,1978Q1,17.607
intellectual,1978Q1,10.227
residential,1978Q1,98.689
gdp,1978Q2,40.59
c,1978Q2,37.812
investment,1978Q2,35.216
fixed_i,1978Q2,35.066
nonresidential,1978Q2,24.193
structures,1978Q2,81.397
equipment,1978Q2,18.988
intellectual,1978Q2,10.536
residential,1978Q2,103.411
gdp,1978Q3,40.998
c,1978Q3,37.971
investment,1978Q3,36.242
fixed_i,1978Q3,36.016
nonresidential,1978Q3,25.014
structures,1978Q3,86.766
equipment,1978Q3,19.356
intellectual,1978Q3,10.82
residential,1978Q3,104.604
gdp,1978Q4,41.549
c,1978Q4,38.277
investment,1978Q4,37.08
fixed_i,1978Q4,36.804
nonresidential,1978Q4,25.822
structures,1978Q4,90.395
equipment,1978Q4,19.874
intellectual,1978Q4,11.192
residential,1978Q4,104.406
gdp,1979Q1,41.624
c,1979Q1,38.475
investment,1979Q1,37.141
fixed_i,1979Q1,37.129
nonresidential,1979Q1,26.416
structures,1979Q1,89.89
equipment,1979Q1,20.588
intellectual,1979Q1,11.589
residential,1979Q1,101.871
gdp,1979Q2,41.669
c,1979Q2,38.45
investment,1979Q2,37.108
fixed_i,1979Q2,36.914
nonresidential,1979Q2,26.39
structures,1979Q2,91.191
equipment,1979Q2,20.291
intellectual,1979Q2,11.847
residential,1979Q2,100.074
gdp,1979Q3,41.978
c,1979Q3,38.825
investment,1979Q3,36.483
fixed_i,1979Q3,37.56
nonresidential,1979Q3,27.17
structures,1979Q3,95.443
equipment,1979Q3,20.737
intellectual,1979Q3,12.094
residential,1979Q3,98.854
gdp,1979Q4,42.083
c,1979Q4,38.921
investment,1979Q4,35.836
fixed_i,1979Q4,37.212
nonresidential,1979Q4,27.244
structures,1979Q4,98.366
equipment,1979Q4,20.415
intellectual,1979Q4,12.243
residential,1979Q4,94.902
gdp,1980Q1,42.215
c,1980Q1,38.865
investment,1980Q1,35.591
fixed_i,1980Q1,36.723
nonresidential,1980Q1,27.541
structures,1980Q1,99.886
equipment,1980Q1,20.566
intellectual,1980Q1,12.417
residential,1980Q1,87.6
gdp,1980Q2,41.346
c,1980Q2,37.99
investment,1980Q2,32.564
fixed_i,1980Q2,33.713
nonresidential,1980Q2,26.268
structures,1980Q2,97.694
equipment,1980Q2,19.094
intellectual,1980Q2,12.408
residential,1980Q2,71.357
gdp,1980Q3,41.296
c,1980Q3,38.407
investment,1980Q3,30.415
fixed_i,1980Q3,34.122
nonresidential,1980Q3,26.44
structures,1980Q3,98.181
equipment,1980Q3,19.236
intellectual,1980Q3,12.501
residential,1980Q3,73.549
gdp,1980Q4,42.067
c,1980Q4,38.926
investment,1980Q4,33.25
fixed_i,1980Q4,35.41
nonresidential,1980Q4,26.993
structures,1980Q4,101.068
equipment,1980Q4,19.514
intellectual,1980Q4,12.82
residential,1980Q4,80.409
gdp,1981Q1,42.891
c,1981Q1,39.056
investment,1981Q1,36.328
fixed_i,1981Q1,35.739
nonresidential,1981Q1,27.541
structures,1981Q1,101.008
equipment,1981Q1,20.038
intellectual,1981Q1,13.452
residential,1981Q1,78.443
gdp,1981Q2,42.573
c,1981Q2,39.059
investment,1981Q2,34.822
fixed_i,1981Q2,36.024
nonresidential,1981Q2,28.102
structures,1981Q2,104.814
equipment,1981Q2,20.206
intellectual,1981Q2,13.761
residential,1981Q2,75.944
gdp,1981Q3,43.083
c,1981Q3,39.24
investment,1981Q3,36.785
fixed_i,1981Q3,36.039
nonresidential,1981Q3,28.754
structures,1981Q3,107.457
equipment,1981Q3,20.667
intellectual,1981Q3,14.025
residential,1981Q3,70.049
gdp,1981Q4,42.613
c,1981Q4,38.971
investment,1981Q4,35.489
fixed_i,1981Q4,35.925
nonresidential,1981Q4,29.424
structures,1981Q4,115.363
equipment,1981Q4,20.414
intellectual,1981Q4,14.371
residential,1981Q4,62.735
gdp,1982Q1,41.951
c,1982Q1,39.258
investment,1982Q1,32.132
fixed_i,1982Q1,34.93
nonresidential,1982Q1,28.809
structures,1982Q1,111.696
equipment,1982Q1,19.948
intellectual,1982Q1,14.596
residential,1982Q1,59.116
gdp,1982Q2,42.143
c,1982Q2,39.378
investment,1982Q2,32.108
fixed_i,1982Q2,33.834
nonresidential,1982Q2,27.911
structures,1982Q2,108.056
equipment,1982Q2,19.108
intellectual,1982Q2,14.739
residential,1982Q2,57.206
gdp,1982Q3,41.982
c,1982Q3,39.642
investment,1982Q3,31.814
fixed_i,1982Q3,33.031
nonresidential,1982Q3,27.109
structures,1982Q3,102.1
equipment,1982Q3,18.735
intellectual,1982Q3,14.847
residential,1982Q3,57.15
gdp,1982Q4,41.998
c,1982Q4,40.336
investment,1982Q4,29.354
fixed_i,1982Q4,33.05
nonresidential,1982Q4,26.641
structures,1982Q4,99.781
equipment,1982Q4,18.381
intellectual,1982Q4,14.856
residential,1982Q4,61.677
gdp,1983Q1,42.552
c,1983Q1,40.735
investment,1983Q1,30.372
fixed_i,1983Q1,33.795
nonresidential,1983Q1,26.243
structures,1983Q1,95.71
equipment,1983Q1,18.252
intellectual,1983Q1,15.131
residential,1983Q1,72.281
gdp,1983Q2,43.52
c,1983Q2,41.565
investment,1983Q2,33.061
fixed_i,1983Q2,35.068
nonresidential,1983Q2,26.607
structures,1983Q2,91.167
equipment,1983Q2,19.171
intellectual,1983Q2,15.623
residential,1983Q2,80.698
gdp,1983Q3,44.39
c,1983Q3,42.31
investment,1983Q3,35.131
fixed_i,1983Q3,37.035
nonresidential,1983Q3,27.728
structures,1983Q3,93.299
equipment,1983Q3,20.253
intellectual,1983Q3,16.165
residential,1983Q3,88.577
gdp,1983Q4,45.316
c,1983Q4,42.984
investment,1983Q4,38.549
fixed_i,1983Q4,39.101
nonresidential,1983Q4,29.404
structures,1983Q4,95.896
equipment,1983Q4,22.031
intellectual,1983Q4,16.784
residential,1983Q4,92.317
gdp,1984Q1,46.202
c,1984Q1,43.341
investment,1984Q1,42.274
fixed_i,1984Q1,40.329
nonresidential,1984Q1,30.339
structures,1984Q1,101.347
equipment,1984Q1,22.415
intellectual,1984Q1,17.311
residential,1984Q1,95.082
gdp,1984Q2,47
c,1984Q2,43.948
investment,1984Q2,43.649
fixed_i,1984Q2,41.905
nonresidential,1984Q2,31.753
structures,1984Q2,106.435
equipment,1984Q2,23.521
intellectual,1984Q2,17.857
residential,1984Q2,96.743
gdp,1984Q3,47.454
c,1984Q3,44.274
investment,1984Q3,44.594
fixed_i,1984Q3,42.737
nonresidential,1984Q3,32.728
structures,1984Q3,109.793
equipment,1984Q3,24.258
intellectual,1984Q3,18.341
residential,1984Q3,95.613
gdp,1984Q4,47.843
c,1984Q4,44.848
investment,1984Q4,44.015
fixed_i,1984Q4,43.502
nonresidential,1984Q4,33.498
structures,1984Q4,110.929
equipment,1984Q4,24.973
intellectual,1984Q4,18.896
residential,1984Q4,95.707
gdp,1985Q1,48.307
c,1985Q1,45.61
investment,1985Q1,42.808
fixed_i,1985Q1,43.894
nonresidential,1985Q1,33.873
structures,1985Q1,115.629
equipment,1985Q1,24.752
intellectual,1985Q1,19.173
residential,1985Q1,95.934
gdp,1985Q2,48.732
c,1985Q2,46.028
investment,1985Q2,43.538
fixed_i,1985Q2,44.458
nonresidential,1985Q2,34.358
structures,1985Q2,115.565
equipment,1985Q2,25.292
intellectual,1985Q2,19.567
residential,1985Q2,96.746
gdp,1985Q3,49.476
c,1985Q3,46.903
investment,1985Q3,43.241
fixed_i,1985Q3,44.276
nonresidential,1985Q3,33.967
structures,1985Q3,113.171
equipment,1985Q3,24.943
intellectual,1985Q3,19.829
residential,1985Q3,98.548
gdp,1985Q4,49.844
c,1985Q4,47.004
investment,1985Q4,44.834
fixed_i,1985Q4,45.117
nonresidential,1985Q4,34.582
structures,1985Q4,114.582
equipment,1985Q4,25.409
intellectual,1985Q4,20.354
residential,1985Q4,100.697
gdp,1986Q1,50.309
c,1986Q1,47.415
investment,1986Q1,44.821
fixed_i,1986Q1,45.246
nonresidential,1986Q1,34.239
structures,1986Q1,111.717
equipment,1986Q1,25.155
intellectual,1986Q1,20.704
residential,1986Q1,104.786
gdp,1986Q2,50.536
c,1986Q2,47.931
investment,1986Q2,44.039
fixed_i,1986Q2,45.256
nonresidential,1986Q2,33.545
structures,1986Q2,101.19
equipment,1986Q2,25.467
intellectual,1986Q2,21.029
residential,1986Q2,110.805
gdp,1986Q3,51.02
c,1986Q3,48.779
investment,1986Q3,42.854
fixed_i,1986Q3,45.056
nonresidential,1986Q3,33.16
structures,1986Q3,97.581
equipment,1986Q3,25.318
intellectual,1986Q3,21.236
residential,1986Q3,112.321
gdp,1986Q4,51.294
c,1986Q4,49.079
investment,1986Q4,42.982
fixed_i,1986Q4,45.405
nonresidential,1986Q4,33.48
structures,1986Q4,98.177
equipment,1986Q4,25.606
intellectual,1986Q4,21.453
residential,1986Q4,112.625
gdp,1987Q1,51.676
c,1987Q1,49.127
investment,1987Q1,44.142
fixed_i,1987Q1,44.621
nonresidential,1987Q1,32.689
structures,1987Q1,95.88
equipment,1987Q1,24.721
intellectual,1987Q1,21.592
residential,1987Q1,112.432
gdp,1987Q2,52.233
c,1987Q2,49.798
investment,1987Q2,44.165
fixed_i,1987Q2,45.304
nonresidential,1987Q2,33.348
structures,1987Q2,97.007
equipment,1987Q2,25.444
intellectual,1987Q2,21.764
residential,1987Q2,112.819
gdp,1987Q3,52.686
c,1987Q3,50.366
investment,1987Q3,44.172
fixed_i,1987Q3,46.088
nonresidential,1987Q3,34.275
structures,1987Q3,101.049
equipment,1987Q3,26.117
intellectual,1987Q3,22.017
residential,1987Q3,111.886
gdp,1987Q4,53.591
c,1987Q4,50.473
investment,1987Q4,47.182
fixed_i,1987Q4,46.068
nonresidential,1987Q4,34.231
structures,1987Q4,102.968
equipment,1987Q4,25.631
intellectual,1987Q4,22.364
residential,1987Q4,112.07
gdp,1988Q1,53.868
c,1988Q1,51.364
investment,1988Q1,44.917
fixed_i,1988Q1,46.095
nonresidential,1988Q1,34.505
structures,1988Q1,99.083
equipment,1988Q1,26.432
intellectual,1988Q1,22.696
residential,1988Q1,110.074
gdp,1988Q2,54.576
c,1988Q2,51.744
investment,1988Q2,45.987
fixed_i,1988Q2,46.997
nonresidential,1988Q2,35.277
structures,1988Q2,101.142
equipment,1988Q2,27.09
intellectual,1988Q2,23.104
residential,1988Q2,111.436
gdp,1988Q3,54.896
c,1988Q3,52.203
investment,1988Q3,46.242
fixed_i,1988Q3,47.216
nonresidential,1988Q3,35.498
structures,1988Q3,99.776
equipment,1988Q3,27.383
intellectual,1988Q3,23.617
residential,1988Q3,111.502
gdp,1988Q4,55.627
c,1988Q4,52.797
investment,1988Q4,46.948
fixed_i,1988Q4,47.776
nonresidential,1988Q4,35.992
structures,1988Q4,99.526
equipment,1988Q4,27.731
intellectual,1988Q4,24.555
residential,1988Q4,112.223
gdp,1989Q1,56.193
c,1989Q1,53.042
investment,1989Q1,48.541
fixed_i,1989Q1,48.201
nonresidential,1989Q1,36.569
structures,1989Q1,101.128
equipment,1989Q1,28.062
intellectual,1989Q1,25.203
residential,1989Q1,111.138
gdp,1989Q2,56.621
c,1989Q2,53.29
investment,1989Q2,48.072
fixed_i,1989Q2,48.263
nonresidential,1989Q2,37.063
structures,1989Q2,99.985
equipment,1989Q2,28.666
intellectual,1989Q2,25.863
residential,1989Q2,107.654
gdp,1989Q3,57.041
c,1989Q3,53.805
investment,1989Q3,47.64
fixed_i,1989Q3,49.107
nonresidential,1989Q3,38.006
structures,1989Q3,103.487
equipment,1989Q3,29.229
intellectual,1989Q3,26.581
residential,1989Q3,107.156
gdp,1989Q4,57.153
c,1989Q4,54.039
investment,1989Q4,47.287
fixed_i,1989Q4,48.469
nonresidential,1989Q4,37.622
structures,1989Q4,102.85
equipment,1989Q4,28.43
intellectual,1989Q4,27.325
residential,1989Q4,104.879
gdp,1990Q1,57.778
c,1990Q1,54.494
investment,1990Q1,47.757
fixed_i,1990Q1,49.042
nonresidential,1990Q1,38.104
structures,1990Q1,105.111
equipment,1990Q1,28.562
intellectual,1990Q1,27.893
residential,1990Q1,105.807
gdp,1990Q2,57.988
c,1990Q2,54.66
investment,1990Q2,47.771
fixed_i,1990Q2,48.071
nonresidential,1990Q2,37.608
structures,1990Q2,104.596
equipment,1990Q2,27.693
intellectual,1990Q2,28.378
residential,1990Q2,101.636
gdp,1990Q3,58.026
c,1990Q3,54.877
investment,1990Q3,46.845
fixed_i,1990Q3,47.676
nonresidential,1990Q3,37.875
structures,1990Q3,104.216
equipment,1990Q3,28.088
intellectual,1990Q3,28.499
residential,1990Q3,96.171
gdp,1990Q4,57.498
c,1990Q4,54.459
investment,1990Q4,44.225
fixed_i,1990Q4,46.448
nonresidential,1990Q4,37.279
structures,1990Q4,99.524
equipment,1990Q4,27.673
intellectual,1990Q4,29.026
residential,1990Q4,90.622
gdp,1991Q1,57.229
c,1991Q1,54.254
investment,1991Q1,42.753
fixed_i,1991Q1,45.169
nonresidential,1991Q1,36.532
structures,1991Q1,97.39
equipment,1991Q1,26.678
intellectual,1991Q1,29.502
residential,1991Q1,85.847
gdp,1991Q2,57.675
c,1991Q2,54.704
investment,1991Q2,42.753
fixed_i,1991Q2,45.304
nonresidential,1991Q2,36.348
structures,1991Q2,94.732
equipment,1991Q2,26.507
intellectual,1991Q2,30.169
residential,1991Q2,88.489
gdp,1991Q3,57.967
c,1991Q3,54.977
investment,1991Q3,43.6
fixed_i,1991Q3,45.359
nonresidential,1991Q3,36.035
structures,1991Q3,88.572
equipment,1991Q3,26.91
intellectual,1991Q3,30.276
residential,1991Q3,91.481
gdp,1991Q4,58.169
c,1991Q4,54.949
investment,1991Q4,45.146
fixed_i,1991Q4,45.555
nonresidential,1991Q4,36.014
structures,1991Q4,86.75
equipment,1991Q4,26.784
intellectual,1991Q4,31.107
residential,1991Q4,93.29
gdp,1992Q1,58.865
c,1992Q1,55.978
investment,1992Q1,44.312
fixed_i,1992Q1,46.054
nonresidential,1992Q1,35.873
structures,1992Q1,85.627
equipment,1992Q1,26.573
intellectual,1992Q1,31.499
residential,1992Q1,98.626
gdp,1992Q2,59.503
c,1992Q2,56.358
investment,1992Q2,46.818
fixed_i,1992Q2,47.567
nonresidential,1992Q2,37.033
structures,1992Q2,85.641
equipment,1992Q2,28.107
intellectual,1992Q2,31.897
residential,1992Q2,102.001
gdp,1992Q3,60.091
c,1992Q3,56.962
investment,1992Q3,47.19
fixed_i,1992Q3,48.113
nonresidential,1992Q3,37.6
structures,1992Q3,86.431
equipment,1992Q3,28.744
intellectual,1992Q3,32.088
residential,1992Q3,102.044
gdp,1992Q4,60.718
c,1992Q4,57.641
investment,1992Q4,48.629
fixed_i,1992Q4,49.52
nonresidential,1992Q4,38.585
structures,1992Q4,87.582
equipment,1992Q4,29.802
intellectual,1992Q4,32.614
residential,1992Q4,105.94
gdp,1993Q1,60.82
c,1993Q1,57.862
investment,1993Q1,49.776
fixed_i,1993Q1,49.89
nonresidential,1993Q1,38.968
structures,1993Q1,86.419
equipment,1993Q1,30.368
intellectual,1993Q1,33.024
residential,1993Q1,106.013
gdp,1993Q2,61.174
c,1993Q2,58.388
investment,1993Q2,50.062
fixed_i,1993Q2,50.788
nonresidential,1993Q2,39.734
structures,1993Q2,84.974
equipment,1993Q2,31.583
intellectual,1993Q2,33.356
residential,1993Q2,107.427
gdp,1993Q3,61.466
c,1993Q3,59.038
investment,1993Q3,49.722
fixed_i,1993Q3,51.586
nonresidential,1993Q3,40.054
structures,1993Q3,85.181
equipment,1993Q3,31.946
intellectual,1993Q3,33.543
residential,1993Q3,111.447
gdp,1993Q4,62.302
c,1993Q4,59.557
investment,1993Q4,52.335
fixed_i,1993Q4,53.657
nonresidential,1993Q4,41.499
structures,1993Q4,87.774
equipment,1993Q4,33.707
intellectual,1993Q4,33.552
residential,1993Q4,117.162
gdp,1994Q1,62.906
c,1994Q1,60.238
investment,1994Q1,54.329
fixed_i,1994Q1,54.292
nonresidential,1994Q1,41.938
structures,1994Q1,85.01
equipment,1994Q1,34.662
intellectual,1994Q1,33.867
residential,1994Q1,118.911
gdp,1994Q2,63.759
c,1994Q2,60.706
investment,1994Q2,57
fixed_i,1994Q2,55.389
nonresidential,1994Q2,42.591
structures,1994Q2,88.551
equipment,1994Q2,34.871
intellectual,1994Q2,34.351
residential,1994Q2,122.758
gdp,1994Q3,64.131
c,1994Q3,61.169
investment,1994Q3,56.069
fixed_i,1994Q3,55.847
nonresidential,1994Q3,43.319
structures,1994Q3,87.94
equipment,1994Q3,35.776
intellectual,1994Q3,35.006
residential,1994Q3,120.95
gdp,1994Q4,64.866
c,1994Q4,61.831
investment,1994Q4,58.376
fixed_i,1994Q4,57.196
nonresidential,1994Q4,45.009
structures,1994Q4,89.157
equipment,1994Q4,37.93
intellectual,1994Q4,35.486
residential,1994Q4,119.089
gdp,1995Q1,65.096
c,1995Q1,61.985
investment,1995Q1,58.989
fixed_i,1995Q1,58.406
nonresidential,1995Q1,46.672
structures,1995Q1,91.642
equipment,1995Q1,39.867
intellectual,1995Q1,35.924
residential,1995Q1,116.383
gdp,1995Q2,65.29
c,1995Q2,62.528
investment,1995Q2,57.764
fixed_i,1995Q2,58.365
nonresidential,1995Q2,47.12
structures,1995Q2,93.852
equipment,1995Q2,39.805
intellectual,1995Q2,36.754
residential,1995Q2,112.796
gdp,1995Q3,65.846
c,1995Q3,63.095
investment,1995Q3,57.42
fixed_i,1995Q3,59.18
nonresidential,1995Q3,47.42
structures,1995Q3,94.153
equipment,1995Q3,39.877
intellectual,1995Q3,37.491
residential,1995Q3,116.972
gdp,1995Q4,66.293
c,1995Q4,63.535
investment,1995Q4,58.846
fixed_i,1995Q4,60.329
nonresidential,1995Q4,48.339
structures,1995Q4,93.349
equipment,1995Q4,41.005
intellectual,1995Q4,38.42
residential,1995Q4,119.245
gdp,1996Q1,66.789
c,1996Q1,64.121
investment,1996Q1,59.791
fixed_i,1996Q1,61.87
nonresidential,1996Q1,49.564
structures,1996Q1,95.078
equipment,1996Q1,42.034
intellectual,1996Q1,39.648
residential,1996Q1,122.348
gdp,1996Q2,67.903
c,1996Q2,64.81
investment,1996Q2,62.663
fixed_i,1996Q2,63.79
nonresidential,1996Q2,50.884
structures,1996Q2,97.155
equipment,1996Q2,43.264
intellectual,1996Q2,40.635
residential,1996Q2,127.682
gdp,1996Q3,68.513
c,1996Q3,65.203
investment,1996Q3,65.51
fixed_i,1996Q3,65.239
nonresidential,1996Q3,52.485
structures,1996Q3,98.335
equipment,1996Q3,45
intellectual,1996Q3,41.82
residential,1996Q3,127.415
gdp,1996Q4,69.224
c,1996Q4,65.722
investment,1996Q4,65.424
fixed_i,1996Q4,66.28
nonresidential,1996Q4,53.817
structures,1996Q4,103.567
equipment,1996Q4,45.548
intellectual,1996Q4,43.086
residential,1996Q4,125.967
gdp,1997Q1,69.671
c,1997Q1,66.415
investment,1997Q1,66.745
fixed_i,1997Q1,67.519
nonresidential,1997Q1,55.067
structures,1997Q1,104.171
equipment,1997Q1,46.439
intellectual,1997Q1,45.104
residential,1997Q1,126.611
gdp,1997Q2,70.829
c,1997Q2,66.714
investment,1997Q2,70.829
fixed_i,1997Q2,68.806
nonresidential,1997Q2,56.21
structures,1997Q2,103.21
equipment,1997Q2,47.979
intellectual,1997Q2,46.039
residential,1997Q2,128.382
gdp,1997Q3,71.715
c,1997Q3,67.851
investment,1997Q3,71.82
fixed_i,1997Q3,71.245
nonresidential,1997Q3,58.683
structures,1997Q3,107.546
equipment,1997Q3,50.552
intellectual,1997Q3,47.204
residential,1997Q3,129.627
gdp,1997Q4,72.331
c,1997Q4,68.662
investment,1997Q4,72.892
fixed_i,1997Q4,71.772
nonresidential,1997Q4,59.058
structures,1997Q4,108.132
equipment,1997Q4,50.433
intellectual,1997Q4,48.432
residential,1997Q4,130.995
gdp,1998Q1,73.054
c,1998Q1,69.356
investment,1998Q1,76.07
fixed_i,1998Q1,73.89
nonresidential,1998Q1,60.975
structures,1998Q1,107.301
equipment,1998Q1,53.072
intellectual,1998Q1,49.715
residential,1998Q1,133.709
gdp,1998Q2,73.73
c,1998Q2,70.577
investment,1998Q2,75.6
fixed_i,1998Q2,76.402
nonresidential,1998Q2,63.035
structures,1998Q2,113.135
equipment,1998Q2,54.616
intellectual,1998Q2,51.002
residential,1998Q2,138.344
gdp,1998Q3,74.653
c,1998Q3,71.498
investment,1998Q3,77.544
fixed_i,1998Q3,77.866
nonresidential,1998Q3,64.032
structures,1998Q3,112.972
equipment,1998Q3,55.447
intellectual,1998Q3,52.655
residential,1998Q3,142.389
gdp,1998Q4,75.86
c,1998Q4,72.531
investment,1998Q4,79.937
fixed_i,1998Q4,80.026
nonresidential,1998Q4,65.9
structures,1998Q4,112.757
equipment,1998Q4,57.911
intellectual,1998Q4,53.98
residential,1998Q4,145.732
gdp,1999Q1,76.578
c,1999Q1,73.234
investment,1999Q1,82.132
fixed_i,1999Q1,81.428
nonresidential,1999Q1,67.36
structures,1999Q1,112.537
equipment,1999Q1,59.618
intellectual,1999Q1,55.469
residential,1999Q1,146.293
gdp,1999Q2,77.167
c,1999Q2,74.302
investment,1999Q2,82.184
fixed_i,1999Q2,83.366
nonresidential,1999Q2,69.148
structures,1999Q2,111.433
equipment,1999Q2,61.737
intellectual,1999Q2,57.601
residential,1999Q2,148.571
gdp,1999Q3,78.177
c,1999Q3,75.141
investment,1999Q3,84.439
fixed_i,1999Q3,85.309
nonresidential,1999Q3,71.128
structures,1999Q3,111.449
equipment,1999Q3,63.828
intellectual,1999Q3,59.954
residential,1999Q3,149.688
gdp,1999Q4,79.506
c,1999Q4,76.242
investment,1999Q4,86.701
fixed_i,1999Q4,85.753
nonresidential,1999Q4,71.444
structures,1999Q4,112.69
equipment,1999Q4,63.414
intellectual,1999Q4,61.184
residential,1999Q4,150.78
gdp,2000Q1,79.794
c,2000Q1,77.413
investment,2000Q1,86.092
fixed_i,2000Q1,88.208
nonresidential,2000Q1,74.062
structures,2000Q1,115.177
equipment,2000Q1,66.278
intellectual,2000Q1,63.144
residential,2000Q1,151.529
gdp,2000Q2,81.255
c,2000Q2,78.161
investment,2000Q2,91.188
fixed_i,2000Q2,90.158
nonresidential,2000Q2,76.375
structures,2000Q2,120.08
equipment,2000Q2,68.727
intellectual,2000Q2,63.914
residential,2000Q2,150.751
gdp,2000Q3,81.363
c,2000Q3,78.928
investment,2000Q3,90.294
fixed_i,2000Q3,90.551
nonresidential,2000Q3,77.206
structures,2000Q3,124.362
equipment,2000Q3,68.964
intellectual,2000Q3,64.283
residential,2000Q3,148.406
gdp,2000Q4,81.87
c,2000Q4,79.607
investment,2000Q4,90.466
fixed_i,2000Q4,90.826
nonresidential,2000Q4,77.496
structures,2000Q4,124.835
equipment,2000Q4,68.835
intellectual,2000Q4,65.201
residential,2000Q4,148.559
gdp,2001Q1,81.637
c,2001Q1,79.926
investment,2001Q1,86.362
fixed_i,2001Q1,90.296
nonresidential,2001Q1,76.802
structures,2001Q1,121.419
equipment,2001Q1,68.31
intellectual,2001Q1,65.423
residential,2001Q1,149.2
gdp,2001Q2,82.114
c,2001Q2,80.115
investment,2001Q2,86.485
fixed_i,2001Q2,89.236
nonresidential,2001Q2,75.213
structures,2001Q2,122.17
equipment,2001Q2,65.474
intellectual,2001Q2,65.089
residential,2001Q2,151.513
gdp,2001Q3,81.773
c,2001Q3,80.389
investment,2001Q3,84.614
fixed_i,2001Q3,88.595
nonresidential,2001Q3,74.323
structures,2001Q3,123.147
equipment,2001Q3,63.771
intellectual,2001Q3,64.827
residential,2001Q3,152.457
gdp,2001Q4,81.996
c,2001Q4,81.591
investment,2001Q4,80.423
fixed_i,2001Q4,86.574
nonresidential,2001Q4,72.188
structures,2001Q4,111.543
equipment,2001Q4,63.51
intellectual,2001Q4,63.858
residential,2001Q4,151.479
gdp,2002Q1,82.713
c,2002Q1,81.841
investment,2002Q1,82.796
fixed_i,2002Q1,85.827
nonresidential,2002Q1,70.457
structures,2002Q1,105.735
equipment,2002Q1,62.032
intellectual,2002Q1,63.636
residential,2002Q1,156.445
gdp,2002Q2,83.214
c,2002Q2,82.261
investment,2002Q2,84.156
fixed_i,2002Q2,85.733
nonresidential,2002Q2,69.662
structures,2002Q2,99.999
equipment,2002Q2,61.731
intellectual,2002Q2,64.294
residential,2002Q2,160.326
gdp,2002Q3,83.584
c,2002Q3,82.857
investment,2002Q3,84.032
fixed_i,2002Q3,85.608
nonresidential,2002Q3,69.436
structures,2002Q3,95.307
equipment,2002Q3,62.322
intellectual,2002Q3,64.749
residential,2002Q3,160.796
gdp,2002Q4,83.713
c,2002Q4,83.333
investment,2002Q4,83.98
fixed_i,2002Q4,85.248
nonresidential,2002Q4,68.501
structures,2002Q4,94.048
equipment,2002Q4,61.134
intellectual,2002Q4,64.453
residential,2002Q4,163.688
gdp,2003Q1,84.178
c,2003Q1,83.725
investment,2003Q1,84.626
fixed_i,2003Q1,86.022
nonresidential,2003Q1,68.841
structures,2003Q1,93.462
equipment,2003Q1,61.357
intellectual,2003Q1,65.413
residential,2003Q1,166.703
gdp,2003Q2,84.902
c,2003Q2,84.666
investment,2003Q2,85.21
fixed_i,2003Q2,88.09
nonresidential,2003Q2,70.745
structures,2003Q2,95.989
equipment,2003Q2,63.774
intellectual,2003Q2,66.053
residential,2003Q2,169.359
gdp,2003Q3,86.344
c,2003Q3,85.908
investment,2003Q3,88.315
fixed_i,2003Q3,90.95
nonresidential,2003Q3,72.245
structures,2003Q3,95.651
equipment,2003Q3,65.858
intellectual,2003Q3,67.382
residential,2003Q3,179.065
gdp,2003Q4,87.335
c,2003Q4,86.49
investment,2003Q4,91.29
fixed_i,2003Q4,92.602
nonresidential,2003Q4,73.153
structures,2003Q4,95.849
equipment,2003Q4,67.016
intellectual,2003Q4,68.173
residential,2003Q4,184.395
gdp,2004Q1,87.801
c,2004Q1,87.26
investment,2004Q1,91.471
fixed_i,2004Q1,92.35
nonresidential,2004Q1,72.43
structures,2004Q1,93.931
equipment,2004Q1,66.158
intellectual,2004Q1,68.3
residential,2004Q1,186.538
gdp,2004Q2,88.47
c,2004Q2,87.803
investment,2004Q2,95.125
fixed_i,2004Q2,94.873
nonresidential,2004Q2,74.241
structures,2004Q2,94.541
equipment,2004Q2,68.981
intellectual,2004Q2,68.954
residential,2004Q2,192.453
gdp,2004Q3,89.307
c,2004Q3,88.774
investment,2004Q3,96.601
fixed_i,2004Q3,96.89
nonresidential,2004Q3,76.363
structures,2004Q3,96.099
equipment,2004Q3,71.374
intellectual,2004Q3,70.817
residential,2004Q3,193.825
gdp,2004Q4,90.201
c,2004Q4,89.739
investment,2004Q4,98.616
fixed_i,2004Q4,98.656
nonresidential,2004Q4,77.931
structures,2004Q4,96.167
equipment,2004Q4,73.563
intellectual,2004Q4,72.088
residential,2004Q4,196.499
gdp,2005Q1,91.2
c,2005Q1,90.263
investment,2005Q1,101.389
fixed_i,2005Q1,100.386
nonresidential,2005Q1,79.062
structures,2005Q1,97.471
equipment,2005Q1,74.235
intellectual,2005Q1,73.834
residential,2005Q1,201.138
gdp,2005Q2,91.621
c,2005Q2,91.287
investment,2005Q2,100.04
fixed_i,2005Q2,102.088
nonresidential,2005Q2,80.34
structures,2005Q2,97.071
equipment,2005Q2,76.085
intellectual,2005Q2,75.064
residential,2005Q2,204.852
gdp,2005Q3,92.437
c,2005Q3,92.173
investment,2005Q3,101.362
fixed_i,2005Q3,103.873
nonresidential,2005Q3,82.015
structures,2005Q3,96.65
equipment,2005Q3,78.85
intellectual,2005Q3,76.117
residential,2005Q3,207.097
gdp,2005Q4,93.021
c,2005Q4,92.447
investment,2005Q4,104.657
fixed_i,2005Q4,104.339
nonresidential,2005Q4,82.649
structures,2005Q4,97.648
equipment,2005Q4,79.943
intellectual,2005Q4,75.793
residential,2005Q4,206.69
gdp,2006Q1,94.258
c,2006Q1,93.477
investment,2006Q1,106.211
fixed_i,2006Q1,106.3
nonresidential,2006Q1,85.421
structures,2006Q1,101.299
equipment,2006Q1,83.496
intellectual,2006Q1,76.734
residential,2006Q1,204.754
gdp,2006Q2,94.479
c,2006Q2,93.951
investment,2006Q2,105.526
fixed_i,2006Q2,105.726
nonresidential,2006Q2,86.915
structures,2006Q2,104.433
equipment,2006Q2,84.453
intellectual,2006Q2,78.059
residential,2006Q2,194.509
gdp,2006Q3,94.625
c,2006Q3,94.521
investment,2006Q3,105.119
fixed_i,2006Q3,105.047
nonresidential,2006Q3,88.405
structures,2006Q3,106.404
equipment,2006Q3,85.137
intellectual,2006Q3,80.528
residential,2006Q3,183.74
gdp,2006Q4,95.431
c,2006Q4,95.436
investment,2006Q4,103.079
fixed_i,2006Q4,104.302
nonresidential,2006Q4,89.342
structures,2006Q4,106.442
equipment,2006Q4,85.59
intellectual,2006Q4,82.827
residential,2006Q4,175.191
gdp,2007Q1,95.655
c,2007Q1,95.97
investment,2007Q1,102.37
fixed_i,2007Q1,104.217
nonresidential,2007Q1,90.951
structures,2007Q1,110.419
equipment,2007Q1,86.782
intellectual,2007Q1,83.53
residential,2007Q1,167.297
gdp,2007Q2,96.203
c,2007Q2,96.148
investment,2007Q2,103.499
fixed_i,2007Q2,104.707
nonresidential,2007Q2,92.969
structures,2007Q2,116.553
equipment,2007Q2,87.988
intellectual,2007Q2,84.093
residential,2007Q2,160.705
gdp,2007Q3,96.726
c,2007Q3,96.69
investment,2007Q3,102.455
fixed_i,2007Q3,104.11
nonresidential,2007Q3,94.428
structures,2007Q3,122.145
equipment,2007Q3,88.437
intellectual,2007Q3,84.383
residential,2007Q3,150.49
gdp,2007Q4,97.314
c,2007Q4,96.965
investment,2007Q4,101.194
fixed_i,2007Q4,103.111
nonresidential,2007Q4,95.884
structures,2007Q4,125.272
equipment,2007Q4,88.961
intellectual,2007Q4,86.167
residential,2007Q4,137.977
gdp,2008Q1,96.755
c,2008Q1,96.708
investment,2008Q1,98.531
fixed_i,2008Q1,101.513
nonresidential,2008Q1,96.265
structures,2008Q1,125.832
equipment,2008Q1,88.47
intellectual,2008Q1,87.775
residential,2008Q1,127
gdp,2008Q2,97.254
c,2008Q2,96.864
investment,2008Q2,96.745
fixed_i,2008Q2,100.681
nonresidential,2008Q2,96.46
structures,2008Q2,127.916
equipment,2008Q2,87.404
intellectual,2008Q2,88.631
residential,2008Q2,121.247
gdp,2008Q3,96.728
c,2008Q3,96.139
investment,2008Q3,94.805
fixed_i,2008Q3,98.136
nonresidential,2008Q3,94.659
structures,2008Q3,127.14
equipment,2008Q3,84.657
intellectual,2008Q3,87.599
residential,2008Q3,115.096
gdp,2008Q4,94.635
c,2008Q4,95.244
investment,2008Q4,85.685
fixed_i,2008Q4,91.657
nonresidential,2008Q4,89.147
structures,2008Q4,124.208
equipment,2008Q4,74.807
intellectual,2008Q4,86.977
residential,2008Q4,103.894
gdp,2009Q1,93.572
c,2009Q1,95.029
investment,2009Q1,75.783
fixed_i,2009Q1,84.37
nonresidential,2009Q1,82.431
structures,2009Q1,114.985
equipment,2009Q1,66.468
intellectual,2009Q1,84.601
residential,2009Q1,93.819
gdp,2009Q2,93.438
c,2009Q2,94.644
investment,2009Q2,71.414
fixed_i,2009Q2,81.311
nonresidential,2009Q2,79.923
structures,2009Q2,106.156
equipment,2009Q2,63.84
intellectual,2009Q2,86.722
residential,2009Q2,88.052
gdp,2009Q3,93.778
c,2009Q3,95.297
investment,2009Q3,71.251
fixed_i,2009Q3,81.612
nonresidential,2009Q3,79.457
structures,2009Q3,98.933
equipment,2009Q3,65.46
intellectual,2009Q3,87.611
residential,2009Q3,92.143
gdp,2009Q4,94.808
c,2009Q4,95.156
investment,2009Q4,77.839
fixed_i,2009Q4,82.021
nonresidential,2009Q4,79.987
structures,2009Q4,90.553
equipment,2009Q4,68.489
intellectual,2009Q4,90.274
residential,2009Q4,91.952
gdp,2010Q1,95.173
c,2010Q1,95.627
investment,2010Q1,79.61
fixed_i,2010Q1,81.982
nonresidential,2010Q1,80.545
structures,2010Q1,84.497
equipment,2010Q1,73.33
intellectual,2010Q1,88.751
residential,2010Q1,88.987
gdp,2010Q2,96.05
c,2010Q2,96.387
investment,2010Q2,83.788
fixed_i,2010Q2,84.965
nonresidential,2010Q2,83.187
structures,2010Q2,86.927
equipment,2010Q2,78.108
intellectual,2010Q2,88.309
residential,2010Q2,93.61
gdp,2010Q3,96.758
c,2010Q3,97.061
investment,2010Q3,87.524
fixed_i,2010Q3,85.422
nonresidential,2010Q3,85.439
structures,2010Q3,85.666
equipment,2010Q3,82.315
intellectual,2010Q3,90.021
residential,2010Q3,85.315
gdp,2010Q4,97.244
c,2010Q4,97.703
investment,2010Q4,87.246
fixed_i,2010Q4,87.041
nonresidential,2010Q4,87.1
structures,2010Q4,87.302
equipment,2010Q4,83.984
intellectual,2010Q4,91.707
residential,2010Q4,86.726
gdp,2011Q1,97.01
c,2011Q1,98.119
investment,2011Q1,85.601
fixed_i,2011Q1,86.891
nonresidential,2011Q1,86.982
structures,2011Q1,80.892
equipment,2011Q1,86.063
intellectual,2011Q1,92.639
residential,2011Q1,86.433
gdp,2011Q2,97.704
c,2011Q2,98.336
investment,2011Q2,89.103
fixed_i,2011Q2,88.922
nonresidential,2011Q2,89.23
structures,2011Q2,86.511
equipment,2011Q2,87.253
intellectual,2011Q2,94.156
residential,2011Q2,87.413
gdp,2011Q3,97.677
c,2011Q3,98.721
investment,2011Q3,89.398
fixed_i,2011Q3,92.658
nonresidential,2011Q3,93.409
structures,2011Q3,91.65
equipment,2011Q3,92.501
intellectual,2011Q3,96.065
residential,2011Q3,88.988
gdp,2011Q4,98.809
c,2011Q4,98.901
investment,2011Q4,96.288
fixed_i,2011Q4,95.029
nonresidential,2011Q4,95.794
structures,2011Q4,94.805
equipment,2011Q4,94.636
intellectual,2011Q4,98.266
residential,2011Q4,91.296
gdp,2012Q1,99.583
c,2012Q1,99.696
investment,2012Q1,98.299
fixed_i,2012Q1,97.995
nonresidential,2012Q1,98.241
structures,2012Q1,99.291
equipment,2012Q1,97.583
intellectual,2012Q1,98.47
residential,2012Q1,96.819
gdp,2012Q2,100.011
c,2012Q2,99.843
investment,2012Q2,100.562
fixed_i,2012Q2,99.972
nonresidential,2012Q2,100.448
structures,2012Q2,101.654
equipment,2012Q2,100.337
intellectual,2012Q2,99.729
residential,2012Q2,97.649
gdp,2012Q3,100.146
c,2012Q3,100.006
investment,2012Q3,101.019
fixed_i,2012Q3,100.119
nonresidential,2012Q3,100.111
structures,2012Q3,100.496
equipment,2012Q3,100.044
intellectual,2012Q3,99.921
residential,2012Q3,100.157
gdp,2012Q4,100.26
c,2012Q4,100.455
investment,2012Q4,100.12
fixed_i,2012Q4,101.914
nonresidential,2012Q4,101.2
structures,2012Q4,98.558
equipment,2012Q4,102.037
intellectual,2012Q4,101.88
residential,2012Q4,105.375
gdp,2013Q1,101.148
c,2013Q1,100.976
investment,2013Q1,103.853
fixed_i,2013Q1,103.661
nonresidential,2013Q1,102.507
structures,2013Q1,96.388
equipment,2013Q1,103.838
intellectual,2013Q1,105.017
residential,2013Q1,109.2
gdp,2013Q2,101.273
c,2013Q2,101.048
investment,2013Q2,105.015
fixed_i,2013Q2,104.499
nonresidential,2013Q2,102.784
structures,2013Q2,99.235
equipment,2013Q2,103.615
intellectual,2013Q2,104.155
residential,2013Q2,112.682
gdp,2013Q3,102.066
c,2013Q3,101.459
investment,2013Q3,109.078
fixed_i,2013Q3,106.302
nonresidential,2013Q3,104.539
structures,2013Q3,104.241
equipment,2013Q3,103.623
intellectual,2013Q3,106.118
residential,2013Q3,114.698
gdp,2013Q4,102.881
c,2013Q4,102.333
investment,2013Q4,109.474
fixed_i,2013Q4,107.741
nonresidential,2013Q4,106.679
structures,2013Q4,105.16
equipment,2013Q4,107.571
intellectual,2013Q4,106.471
residential,2013Q4,112.896
gdp,2014Q1,102.59
c,2014Q1,102.737
investment,2014Q1,108.259
fixed_i,2014Q1,108.823
nonresidential,2014Q1,108.174
structures,2014Q1,108.856
equipment,2014Q1,108.492
intellectual,2014Q1,107.132
residential,2014Q1,112.107
gdp,2014Q2,103.979
c,2014Q2,103.861
investment,2014Q2,112.828
fixed_i,2014Q2,111.849
nonresidential,2014Q2,111.08
structures,2014Q2,112.704
equipment,2014Q2,111.202
intellectual,2014Q2,109.585
residential,2014Q2,115.697
gdp,2014Q3,105.248
c,2014Q3,104.979
investment,2014Q3,115.136
fixed_i,2014Q3,113.989
nonresidential,2014Q3,113.324
structures,2014Q3,113.082
equipment,2014Q3,114.603
intellectual,2014Q3,111.551
residential,2014Q3,117.388
gdp,2014Q4,105.841
c,2014Q4,106.252
investment,2014Q4,115.261
fixed_i,2014Q4,115.316
nonresidential,2014Q4,114.017
structures,2014Q4,114.919
equipment,2014Q4,113.574
intellectual,2014Q4,113.864
residential,2014Q4,121.558
gdp,2015Q1,106.845
c,2015Q1,107.191
investment,2015Q1,119.282
fixed_i,2015Q1,115.642
nonresidential,2015Q1,113.88
structures,2015Q1,113.688
equipment,2015Q1,114.504
intellectual,2015Q1,113.021
residential,2015Q1,123.95
gdp,2015Q2,107.568
c,2015Q2,108.045
investment,2015Q2,119.641
fixed_i,2015Q2,116.637
nonresidential,2015Q2,114.4
structures,2015Q2,114.529
equipment,2015Q2,114.942
intellectual,2015Q2,113.405
residential,2015Q2,127.055
gdp,2015Q3,107.958
c,2015Q3,108.943
investment,2015Q3,119.399
fixed_i,2015Q3,117.613
nonresidential,2015Q3,114.815
structures,2015Q3,110.925
equipment,2015Q3,116.765
intellectual,2015Q3,114.932
residential,2015Q3,130.481
gdp,2015Q4,108.131
c,2015Q4,109.526
investment,2015Q4,117.963
fixed_i,2015Q4,117.3
nonresidential,2015Q4,113.893
structures,2015Q4,106.49
equipment,2015Q4,115.273
intellectual,2015Q4,117.63
residential,2015Q4,132.78
gdp,2016Q1,108.744
c,2016Q1,110.369
investment,2016Q1,117.244
fixed_i,2016Q1,117.888
nonresidential,2016Q1,113.568
structures,2016Q1,102.585
equipment,2016Q1,114.557
intellectual,2016Q1,120.744
residential,2016Q1,137.255
gdp,2016Q2,109.083
c,2016Q2,111.075
investment,2016Q2,116.221
fixed_i,2016Q2,118.329
nonresidential,2016Q2,114.241
structures,2016Q2,104.483
equipment,2016Q2,113.333
intellectual,2016Q2,123.222
residential,2016Q2,136.69
gdp,2016Q3,109.677
c,2016Q3,111.79
investment,2016Q3,116.261
fixed_i,2016Q3,119.262
nonresidential,2016Q3,115.57
structures,2016Q3,108.583
equipment,2016Q3,112.929
intellectual,2016Q3,124.857
residential,2016Q3,135.96
gdp,2016Q4,110.367
c,2016Q4,112.476
investment,2016Q4,119.39
fixed_i,2016Q4,120.063
nonresidential,2016Q4,115.994
structures,2016Q4,110.225
equipment,2016Q4,112.744
intellectual,2016Q4,125.177
residential,2016Q4,138.332
gdp,2017Q1,110.991
c,2017Q1,113.359
investment,2017Q1,119.019
fixed_i,2017Q1,122.152
nonresidential,2017Q1,117.658
structures,2017Q1,112.328
equipment,2017Q1,114.043
intellectual,2017Q1,126.985
residential,2017Q1,142.214
gdp,2017Q2,111.465
c,2017Q2,113.867
investment,2017Q2,120.115
fixed_i,2017Q2,122.631
nonresidential,2017Q2,118.352
structures,2017Q2,112.135
equipment,2017Q2,115.466
intellectual,2017Q2,127.319
residential,2017Q2,141.832
gdp,2017Q3,112.278
c,2017Q3,114.516
investment,2017Q3,122.341
fixed_i,2017Q3,122.999
nonresidential,2017Q3,118.963
structures,2017Q3,108.942
equipment,2017Q3,117.209
intellectual,2017Q3,129.385
residential,2017Q3,141.22
gdp,2017Q4,113.351
c,2017Q4,115.69
investment,2017Q4,124.219
fixed_i,2017Q4,125.826
nonresidential,2017Q4,121.613
structures,2017Q4,110.212
equipment,2017Q4,121.149
intellectual,2017Q4,131.293
residential,2017Q4,144.787
gdp,2018Q1,114.407
c,2018Q1,116.274
investment,2018Q1,127.49
fixed_i,2018Q1,128.412
nonresidential,2018Q1,125.159
structures,2018Q1,115.729
equipment,2018Q1,124.089
intellectual,2018Q1,134.101
residential,2018Q1,143.587
gdp,2018Q2,115.172
c,2018Q2,117.183
investment,2018Q2,127.139
fixed_i,2018Q2,129.798
nonresidential,2018Q2,127.065
structures,2018Q2,117.148
equipment,2018Q2,124.84
intellectual,2018Q2,138.055
residential,2018Q2,142.961
gdp,2018Q3,115.777
c,2018Q3,117.954
investment,2018Q3,130.272
fixed_i,2018Q3,130.053
nonresidential,2018Q3,127.893
structures,2018Q3,115.383
equipment,2018Q3,126.698
intellectual,2018Q3,139.538
residential,2018Q3,140.996
gdp,2018Q4,116.157
c,2018Q4,118.412
investment,2018Q4,131.526
fixed_i,2018Q4,130.901
nonresidential,2018Q4,129.459
structures,2018Q4,111.567
equipment,2018Q4,129.63
intellectual,2018Q4,143.589
residential,2018Q4,139.113
gdp,2019Q1,116.999
c,2019Q1,118.955
investment,2019Q1,132.786
fixed_i,2019Q1,131.825
nonresidential,2019Q1,130.789
structures,2019Q1,113.787
equipment,2019Q1,130.27
intellectual,2019Q1,145.177
residential,2019Q1,138.513
gdp,2019Q2,117.433
c,2019Q2,120.042
investment,2019Q2,130.827
fixed_i,2019Q2,131.681
nonresidential,2019Q2,130.801
structures,2019Q2,114.249
equipment,2019Q2,129.002
intellectual,2019Q2,146.645
residential,2019Q2,137.777
gdp,2019Q3,118.181
c,2019Q3,120.846
investment,2019Q3,131.427
fixed_i,2019Q3,132.48
nonresidential,2019Q3,131.406
structures,2019Q3,115.251
equipment,2019Q3,128.458
intellectual,2019Q3,148.55
residential,2019Q3,139.334
gdp,2019Q4,118.874
c,2019Q4,121.322
investment,2019Q4,130.192
fixed_i,2019Q4,132.802
nonresidential,2019Q4,131.293
structures,2019Q4,113.704
equipment,2019Q4,127.919
intellectual,2019Q4,150.247
residential,2019Q4,141.319
gdp,2020Q1,117.373
c,2020Q1,119.184
investment,2020Q1,127.165
fixed_i,2020Q1,132.341
nonresidential,2020Q1,129.043
structures,2020Q1,112.635
equipment,2020Q1,122.744
intellectual,2020Q1,151.146
residential,2020Q1,147.593
gdp,2020Q2,106.825
c,2020Q2,107.754
investment,2020Q2,108.698
fixed_i,2020Q2,121.399
nonresidential,2020Q2,119.212
structures,2020Q2,101.681
equipment,2020Q2,109.834
intellectual,2020Q2,146.643
residential,2020Q2,132.234
gdp,2020Q3,114.815
c,2020Q3,117.425
investment,2020Q3,127
fixed_i,2020Q3,129.962
nonresidential,2020Q3,125.512
structures,2020Q3,96.924
equipment,2020Q3,125.086
intellectual,2020Q3,149.628
residential,2020Q3,149.411
